<?xml version="1.0" encoding="UTF-8"?>
<solver>
    <!--<environmentMode>FULL_ASSERT</environmentMode>--><!-- To slowly prove there are no bugs in this code -->
    <!--<moveThreadCount>AUTO</moveThreadCount>--><!-- To solve faster by saturating multiple CPU cores -->

    <solutionClass>com.iss.rs.domain.LotSchedule</solutionClass>
    <entityClass>com.iss.rs.domain.LotAssignment</entityClass>


    <scoreDirectorFactory>
        <scoreDrl>solver/lotSchedulingScoreRules.drl</scoreDrl>
    </scoreDirectorFactory>

    <termination>
        <minutesSpentLimit>2</minutesSpentLimit>
    </termination>
</solver>
