/*
 Navicat Premium Data Transfer

 Source Server         : localhost
 Source Server Type    : MySQL
 Source Server Version : 50643
 Source Host           : localhost:3306
 Source Schema         : sdot

 Target Server Type    : MySQL
 Target Server Version : 50643
 File Encoding         : 65001

 Date: 21/04/2019 16:51:36
*/

SET NAMES utf8mb4;
SET FOREIGN_KEY_CHECKS = 0;

CREATE SCHEMA `sdot` ;
USE sdot ;

-- ----------------------------
-- Table structure for aoi
-- ----------------------------
DROP TABLE IF EXISTS `aoi`;
CREATE TABLE `aoi`  (
  `aoiId` varchar(255) CHARACTER SET utf8 COLLATE utf8_general_ci NOT NULL,
  `processType` varchar(255) CHARACTER SET utf8 COLLATE utf8_general_ci NULL DEFAULT NULL,
  PRIMARY KEY (`aoiId`) USING BTREE
) ENGINE = InnoDB CHARACTER SET = utf8 COLLATE = utf8_general_ci ROW_FORMAT = Compact;

-- ----------------------------
-- Records of aoi
-- ----------------------------
INSERT INTO `aoi` VALUES ('AOI1', 'AOI');
INSERT INTO `aoi` VALUES ('AOI10', 'AOI');
INSERT INTO `aoi` VALUES ('AOI11', 'AOI');
INSERT INTO `aoi` VALUES ('AOI12', 'AOI');
INSERT INTO `aoi` VALUES ('AOI13', 'AOI');
INSERT INTO `aoi` VALUES ('AOI14', 'AOI');
INSERT INTO `aoi` VALUES ('AOI15', 'AOI');
INSERT INTO `aoi` VALUES ('AOI16', 'AOI');
INSERT INTO `aoi` VALUES ('AOI17', 'AOI');
INSERT INTO `aoi` VALUES ('AOI18', 'AOI');
INSERT INTO `aoi` VALUES ('AOI19', 'AOI');
INSERT INTO `aoi` VALUES ('AOI2', 'AOI');
INSERT INTO `aoi` VALUES ('AOI20', 'AOI');
INSERT INTO `aoi` VALUES ('AOI21', 'AOI');
INSERT INTO `aoi` VALUES ('AOI22', 'AOI');
INSERT INTO `aoi` VALUES ('AOI23', 'AOI');
INSERT INTO `aoi` VALUES ('AOI24', 'AOI');
INSERT INTO `aoi` VALUES ('AOI25', 'AOI');
INSERT INTO `aoi` VALUES ('AOI26', 'AOI');
INSERT INTO `aoi` VALUES ('AOI27', 'AOI');
INSERT INTO `aoi` VALUES ('AOI28', 'AOI');
INSERT INTO `aoi` VALUES ('AOI29', 'AOI');
INSERT INTO `aoi` VALUES ('AOI3', 'AOI');
INSERT INTO `aoi` VALUES ('AOI30', 'AOI');
INSERT INTO `aoi` VALUES ('AOI31', 'AOI');
INSERT INTO `aoi` VALUES ('AOI32', 'AOI');
INSERT INTO `aoi` VALUES ('AOI33', 'AOI');
INSERT INTO `aoi` VALUES ('AOI34', 'AOI');
INSERT INTO `aoi` VALUES ('AOI35', 'AOI');
INSERT INTO `aoi` VALUES ('AOI36', 'AOI');
INSERT INTO `aoi` VALUES ('AOI4', 'AOI');
INSERT INTO `aoi` VALUES ('AOI5', 'AOI');
INSERT INTO `aoi` VALUES ('AOI6', 'AOI');
INSERT INTO `aoi` VALUES ('AOI7', 'AOI');
INSERT INTO `aoi` VALUES ('AOI8', 'AOI');
INSERT INTO `aoi` VALUES ('AOI9', 'AOI');

-- ----------------------------
-- Table structure for lot
-- ----------------------------
DROP TABLE IF EXISTS `lot`;
CREATE TABLE `lot`  (
  `lotId` bigint(255) NOT NULL AUTO_INCREMENT,
  `productType` varchar(255) CHARACTER SET utf8 COLLATE utf8_general_ci NOT NULL,
  `lotSize` int(25) UNSIGNED ZEROFILL NULL DEFAULT NULL,
  PRIMARY KEY (`lotId`) USING BTREE,
  INDEX `lot_prod`(`productType`) USING BTREE,
  CONSTRAINT `lot_prod` FOREIGN KEY (`productType`) REFERENCES `productinfo` (`productType`) ON DELETE RESTRICT ON UPDATE RESTRICT
) ENGINE = InnoDB AUTO_INCREMENT = 1133 CHARACTER SET = utf8 COLLATE = utf8_general_ci ROW_FORMAT = Compact;

-- ----------------------------
-- Records of lot
-- ----------------------------
INSERT INTO `lot` VALUES (921, 'LMCJN3197X', 0000000000000000001000000);
INSERT INTO `lot` VALUES (922, 'YGPPA4108I', 0000000000000000001000000);
INSERT INTO `lot` VALUES (923, 'ACHXA3595G', 0000000000000000001000000);
INSERT INTO `lot` VALUES (924, 'BHLLZ7485H', 0000000000000000001000000);
INSERT INTO `lot` VALUES (925, 'EFLFF0922K', 0000000000000000001000000);
INSERT INTO `lot` VALUES (926, 'EPEOQ3051X', 0000000000000000001000000);
INSERT INTO `lot` VALUES (927, 'GRKFF2612X', 0000000000000000001000000);
INSERT INTO `lot` VALUES (928, 'IMBDS8589X', 0000000000000000001000000);
INSERT INTO `lot` VALUES (929, 'IWFKE5721L', 0000000000000000001000000);
INSERT INTO `lot` VALUES (930, 'IXHLX5077Z', 0000000000000000001000000);
INSERT INTO `lot` VALUES (931, 'JILTC2318E', 0000000000000000001000000);
INSERT INTO `lot` VALUES (932, 'KTKBX4839E', 0000000000000000001000000);
INSERT INTO `lot` VALUES (933, 'MHONL8388D', 0000000000000000001000000);
INSERT INTO `lot` VALUES (934, 'MHZUP0703L', 0000000000000000001000000);
INSERT INTO `lot` VALUES (935, 'MTBXW9690F', 0000000000000000001000000);
INSERT INTO `lot` VALUES (936, 'NLYFD0861S', 0000000000000000001000000);
INSERT INTO `lot` VALUES (937, 'OPVLI2791R', 0000000000000000001000000);
INSERT INTO `lot` VALUES (938, 'TBZVN7846Q', 0000000000000000001000000);
INSERT INTO `lot` VALUES (939, 'UQSFI7003V', 0000000000000000001000000);
INSERT INTO `lot` VALUES (940, 'VCBUH0118F', 0000000000000000001000000);
INSERT INTO `lot` VALUES (941, 'WVFHV5596N', 0000000000000000001000000);
INSERT INTO `lot` VALUES (942, 'XKVES6845J', 0000000000000000001000000);
INSERT INTO `lot` VALUES (943, 'ZAJUB9415U', 0000000000000000001000000);
INSERT INTO `lot` VALUES (944, 'JNCIJ9464N', 0000000000000000001000000);
INSERT INTO `lot` VALUES (945, 'WPWSV8594A', 0000000000000000001000000);
INSERT INTO `lot` VALUES (946, 'YLMRS4880I', 0000000000000000001000000);
INSERT INTO `lot` VALUES (947, 'ACNYW1625J', 0000000000000000001000000);
INSERT INTO `lot` VALUES (948, 'AZFGJ6792V', 0000000000000000001000000);
INSERT INTO `lot` VALUES (949, 'BDUFC2928C', 0000000000000000001000000);
INSERT INTO `lot` VALUES (950, 'BLCND8992P', 0000000000000000001000000);
INSERT INTO `lot` VALUES (951, 'EKCOV7230K', 0000000000000000001000000);
INSERT INTO `lot` VALUES (952, 'JMIHP3141T', 0000000000000000001000000);
INSERT INTO `lot` VALUES (953, 'JSVFF0225E', 0000000000000000001000000);
INSERT INTO `lot` VALUES (954, 'KFUST0163P', 0000000000000000001000000);
INSERT INTO `lot` VALUES (955, 'SJYTK2177B', 0000000000000000001000000);
INSERT INTO `lot` VALUES (956, 'TQPDI3370U', 0000000000000000001000000);
INSERT INTO `lot` VALUES (957, 'XFYKP7730H', 0000000000000000001000000);
INSERT INTO `lot` VALUES (958, 'XUEWP9238F', 0000000000000000001000000);
INSERT INTO `lot` VALUES (959, 'YBJAY1812F', 0000000000000000001000000);
INSERT INTO `lot` VALUES (960, 'KGMOF0693Q', 0000000000000000001000000);
INSERT INTO `lot` VALUES (961, 'BGLWT0100N', 0000000000000000001000000);
INSERT INTO `lot` VALUES (962, 'COWVG8792S', 0000000000000000001000000);
INSERT INTO `lot` VALUES (963, 'DFTHC1126O', 0000000000000000001000000);
INSERT INTO `lot` VALUES (964, 'GXOCL6694O', 0000000000000000001000000);
INSERT INTO `lot` VALUES (965, 'IZXCE0967W', 0000000000000000001000000);
INSERT INTO `lot` VALUES (966, 'LQKJX0484R', 0000000000000000001000000);
INSERT INTO `lot` VALUES (967, 'MHSTD9087W', 0000000000000000001000000);
INSERT INTO `lot` VALUES (968, 'MNREI7200U', 0000000000000000001000000);
INSERT INTO `lot` VALUES (969, 'QMRCC1228A', 0000000000000000001000000);
INSERT INTO `lot` VALUES (970, 'UJKEZ2243J', 0000000000000000001000000);
INSERT INTO `lot` VALUES (971, 'VYCGE5551R', 0000000000000000001000000);
INSERT INTO `lot` VALUES (972, 'DHVER2972M', 0000000000000000001000000);
INSERT INTO `lot` VALUES (973, 'HRPGV1601E', 0000000000000000001000000);
INSERT INTO `lot` VALUES (974, 'LGOQD2787P', 0000000000000000001000000);
INSERT INTO `lot` VALUES (975, 'MWYUR7713Y', 0000000000000000001000000);
INSERT INTO `lot` VALUES (976, 'NLIJA2091O', 0000000000000000001000000);
INSERT INTO `lot` VALUES (977, 'NNWVS3437K', 0000000000000000001000000);
INSERT INTO `lot` VALUES (978, 'OLTPG9765V', 0000000000000000001000000);
INSERT INTO `lot` VALUES (979, 'OXPNF3175U', 0000000000000000001000000);
INSERT INTO `lot` VALUES (980, 'SVFJY5019T', 0000000000000000001000000);
INSERT INTO `lot` VALUES (981, 'XRVIV5928G', 0000000000000000001000000);
INSERT INTO `lot` VALUES (982, 'ZKLJW9348H', 0000000000000000001000000);
INSERT INTO `lot` VALUES (983, 'ZOHLK8721D', 0000000000000000001000000);
INSERT INTO `lot` VALUES (984, 'FHQHB3513Q', 0000000000000000001000000);
INSERT INTO `lot` VALUES (985, 'ICICQ2140V', 0000000000000000001000000);
INSERT INTO `lot` VALUES (986, 'HAXFJ6054Z', 0000000000000000001000000);
INSERT INTO `lot` VALUES (987, 'LEQUD1106E', 0000000000000000001000000);
INSERT INTO `lot` VALUES (988, 'MACNC8175W', 0000000000000000001000000);
INSERT INTO `lot` VALUES (989, 'QVQBO0440I', 0000000000000000001000000);
INSERT INTO `lot` VALUES (990, 'WSVLW7887T', 0000000000000000001000000);
INSERT INTO `lot` VALUES (991, 'APYLB9291C', 0000000000000000001000000);
INSERT INTO `lot` VALUES (992, 'BHDPO8835E', 0000000000000000001000000);
INSERT INTO `lot` VALUES (993, 'BQJOE1724N', 0000000000000000001000000);
INSERT INTO `lot` VALUES (994, 'CEBNQ7448Y', 0000000000000000001000000);
INSERT INTO `lot` VALUES (995, 'DXYNT3924J', 0000000000000000001000000);
INSERT INTO `lot` VALUES (996, 'FBGGJ2747C', 0000000000000000001000000);
INSERT INTO `lot` VALUES (997, 'GDXAE0024A', 0000000000000000001000000);
INSERT INTO `lot` VALUES (998, 'JAPNC7129O', 0000000000000000001000000);
INSERT INTO `lot` VALUES (999, 'NKXIQ7419H', 0000000000000000001000000);
INSERT INTO `lot` VALUES (1000, 'OGNPW3564G', 0000000000000000001000000);
INSERT INTO `lot` VALUES (1001, 'PIKIT7942X', 0000000000000000001000000);
INSERT INTO `lot` VALUES (1002, 'QMTNJ0721O', 0000000000000000001000000);
INSERT INTO `lot` VALUES (1003, 'UXZWY6716Q', 0000000000000000001000000);
INSERT INTO `lot` VALUES (1004, 'VHRFM7199D', 0000000000000000001000000);
INSERT INTO `lot` VALUES (1005, 'WWACH5234I', 0000000000000000001000000);
INSERT INTO `lot` VALUES (1006, 'YOCFE9461J', 0000000000000000001000000);
INSERT INTO `lot` VALUES (1007, 'GSJNU1904S', 0000000000000000001000000);
INSERT INTO `lot` VALUES (1008, 'HAOWD4659D', 0000000000000000005000000);
INSERT INTO `lot` VALUES (1009, 'PPJSS3533C', 0000000000000000005000000);
INSERT INTO `lot` VALUES (1010, 'UBAOQ0964L', 0000000000000000005000000);
INSERT INTO `lot` VALUES (1011, 'WDJHD1887C', 0000000000000000005000000);
INSERT INTO `lot` VALUES (1012, 'CGAQM8807Q', 0000000000000000005000000);
INSERT INTO `lot` VALUES (1013, 'DVYYW0521A', 0000000000000000005000000);
INSERT INTO `lot` VALUES (1014, 'ELXUA2297T', 0000000000000000005000000);
INSERT INTO `lot` VALUES (1015, 'GOHUP4823F', 0000000000000000005000000);
INSERT INTO `lot` VALUES (1016, 'LKNAX8537D', 0000000000000000005000000);
INSERT INTO `lot` VALUES (1017, 'MZXTQ7065C', 0000000000000000005000000);
INSERT INTO `lot` VALUES (1018, 'POVWR0516E', 0000000000000000005000000);
INSERT INTO `lot` VALUES (1019, 'SDPCN0119Q', 0000000000000000005000000);
INSERT INTO `lot` VALUES (1020, 'SRMKK5815O', 0000000000000000005000000);
INSERT INTO `lot` VALUES (1021, 'VOTDJ2592Y', 0000000000000000005000000);
INSERT INTO `lot` VALUES (1022, 'YNFVG0559N', 0000000000000000005000000);
INSERT INTO `lot` VALUES (1023, 'YRKOG7073J', 0000000000000000005000000);
INSERT INTO `lot` VALUES (1024, 'BBKRW9735V', 0000000000000000005000000);
INSERT INTO `lot` VALUES (1025, 'DHHSP8518L', 0000000000000000005000000);
INSERT INTO `lot` VALUES (1026, 'HXSEL0087W', 0000000000000000005000000);
INSERT INTO `lot` VALUES (1027, 'KUQMO4240H', 0000000000000000005000000);
INSERT INTO `lot` VALUES (1028, 'OEWVV1941W', 0000000000000000005000000);
INSERT INTO `lot` VALUES (1029, 'OXWYW5999S', 0000000000000000005000000);
INSERT INTO `lot` VALUES (1030, 'PSTCF2893D', 0000000000000000005000000);
INSERT INTO `lot` VALUES (1031, 'RMAQD0021E', 0000000000000000005000000);
INSERT INTO `lot` VALUES (1032, 'RMNKR9893J', 0000000000000000005000000);
INSERT INTO `lot` VALUES (1033, 'SMPDM6000H', 0000000000000000005000000);
INSERT INTO `lot` VALUES (1034, 'UGXYU1286G', 0000000000000000005000000);
INSERT INTO `lot` VALUES (1035, 'XATEW2281B', 0000000000000000005000000);
INSERT INTO `lot` VALUES (1036, 'ZHSLS1053Q', 0000000000000000005000000);
INSERT INTO `lot` VALUES (1037, 'ZQEXD8640N', 0000000000000000005000000);
INSERT INTO `lot` VALUES (1038, 'DQAYA2429F', 0000000000000000005000000);
INSERT INTO `lot` VALUES (1039, 'EGZPY1599G', 0000000000000000005000000);
INSERT INTO `lot` VALUES (1040, 'EZMHH6514U', 0000000000000000005000000);
INSERT INTO `lot` VALUES (1041, 'GUJLK0157P', 0000000000000000005000000);
INSERT INTO `lot` VALUES (1042, 'JDNKS5460I', 0000000000000000005000000);
INSERT INTO `lot` VALUES (1043, 'OATAD7946W', 0000000000000000005000000);
INSERT INTO `lot` VALUES (1044, 'UGPNC8214R', 0000000000000000005000000);
INSERT INTO `lot` VALUES (1045, 'VCDWK7350G', 0000000000000000005000000);
INSERT INTO `lot` VALUES (1046, 'ZHWKP7472G', 0000000000000000005000000);
INSERT INTO `lot` VALUES (1047, 'CREGF0290P', 0000000000000000005000000);
INSERT INTO `lot` VALUES (1048, 'DGEPX1320V', 0000000000000000005000000);
INSERT INTO `lot` VALUES (1049, 'HPHWC7201Y', 0000000000000000005000000);
INSERT INTO `lot` VALUES (1050, 'TVLEI1958Q', 0000000000000000005000000);
INSERT INTO `lot` VALUES (1051, 'BLXHK2495Y', 0000000000000000005000000);
INSERT INTO `lot` VALUES (1052, 'NOXPZ4596E', 0000000000000000005000000);
INSERT INTO `lot` VALUES (1053, 'TNMTZ9536S', 0000000000000000005000000);
INSERT INTO `lot` VALUES (1054, 'WYSAA6638W', 0000000000000000005000000);
INSERT INTO `lot` VALUES (1055, 'XTMEP0434O', 0000000000000000005000000);
INSERT INTO `lot` VALUES (1056, 'AYEHS2904M', 0000000000000000005000000);
INSERT INTO `lot` VALUES (1057, 'BGGII2097V', 0000000000000000005000000);
INSERT INTO `lot` VALUES (1058, 'BHKIO5418Q', 0000000000000000005000000);
INSERT INTO `lot` VALUES (1059, 'DGDKI8598E', 0000000000000000005000000);
INSERT INTO `lot` VALUES (1060, 'DSXXJ1471E', 0000000000000000005000000);
INSERT INTO `lot` VALUES (1061, 'DUMTB6548U', 0000000000000000005000000);
INSERT INTO `lot` VALUES (1062, 'FOHRG5276H', 0000000000000000005000000);
INSERT INTO `lot` VALUES (1063, 'GEIGG3364J', 0000000000000000005000000);
INSERT INTO `lot` VALUES (1064, 'GJEYB5591K', 0000000000000000005000000);
INSERT INTO `lot` VALUES (1065, 'HCDIE3287X', 0000000000000000005000000);
INSERT INTO `lot` VALUES (1066, 'HXCVA2371C', 0000000000000000005000000);
INSERT INTO `lot` VALUES (1067, 'LLLCH5198U', 0000000000000000005000000);
INSERT INTO `lot` VALUES (1068, 'QBXAQ7463A', 0000000000000000005000000);
INSERT INTO `lot` VALUES (1069, 'QCZRA2143O', 0000000000000000005000000);
INSERT INTO `lot` VALUES (1070, 'SCDWH9206T', 0000000000000000005000000);
INSERT INTO `lot` VALUES (1071, 'SGVYA6569T', 0000000000000000005000000);
INSERT INTO `lot` VALUES (1072, 'SHAED4090K', 0000000000000000005000000);
INSERT INTO `lot` VALUES (1073, 'TZXME3979T', 0000000000000000005000000);
INSERT INTO `lot` VALUES (1074, 'UNLHK2641P', 0000000000000000005000000);
INSERT INTO `lot` VALUES (1075, 'WYQZK3313M', 0000000000000000005000000);
INSERT INTO `lot` VALUES (1076, 'XZABM9508E', 0000000000000000005000000);
INSERT INTO `lot` VALUES (1077, 'YMDGT6550X', 0000000000000000005000000);
INSERT INTO `lot` VALUES (1078, 'MSXWB6402C', 0000000000000000005000000);
INSERT INTO `lot` VALUES (1079, 'RBMHS8189G', 0000000000000000005000000);
INSERT INTO `lot` VALUES (1080, 'ARCYI6496Z', 0000000000000000005000000);
INSERT INTO `lot` VALUES (1081, 'ARXZK2314V', 0000000000000000005000000);
INSERT INTO `lot` VALUES (1082, 'ITWGD6876S', 0000000000000000005000000);
INSERT INTO `lot` VALUES (1083, 'MALXT4126W', 0000000000000000005000000);
INSERT INTO `lot` VALUES (1084, 'MGMOY2487X', 0000000000000000005000000);
INSERT INTO `lot` VALUES (1085, 'MSBFN3632E', 0000000000000000005000000);
INSERT INTO `lot` VALUES (1086, 'RGWMD6191Y', 0000000000000000005000000);
INSERT INTO `lot` VALUES (1087, 'RVRSE4446O', 0000000000000000005000000);
INSERT INTO `lot` VALUES (1088, 'TLFTZ7685U', 0000000000000000005000000);
INSERT INTO `lot` VALUES (1089, 'UEZQO1285W', 0000000000000000005000000);
INSERT INTO `lot` VALUES (1090, 'VVBTG9552O', 0000000000000000005000000);
INSERT INTO `lot` VALUES (1091, 'ZNUCC9489F', 0000000000000000005000000);
INSERT INTO `lot` VALUES (1092, 'QFZAE7569C', 0000000000000000005000000);
INSERT INTO `lot` VALUES (1093, 'GMLCG7480V', 0000000000000000005000000);
INSERT INTO `lot` VALUES (1094, 'MEVBJ7623P', 0000000000000000005000000);
INSERT INTO `lot` VALUES (1095, 'OSIFO7134I', 0000000000000000005000000);
INSERT INTO `lot` VALUES (1096, 'CRTCK3425B', 0000000000000000005000000);
INSERT INTO `lot` VALUES (1097, 'CFMVM3542V', 0000000000000000005000000);
INSERT INTO `lot` VALUES (1098, 'NHJWD4133V', 0000000000000000005000000);
INSERT INTO `lot` VALUES (1099, 'NXPZQ2196V', 0000000000000000005000000);
INSERT INTO `lot` VALUES (1100, 'WTIRB5225H', 0000000000000000005000000);
INSERT INTO `lot` VALUES (1101, 'DQOLT4151J', 0000000000000000005000000);
INSERT INTO `lot` VALUES (1102, 'HWGWC8123C', 0000000000000000005000000);
INSERT INTO `lot` VALUES (1103, 'HYTHB7799D', 0000000000000000005000000);
INSERT INTO `lot` VALUES (1104, 'IYBXO3301K', 0000000000000000005000000);
INSERT INTO `lot` VALUES (1105, 'IZQFY5290K', 0000000000000000005000000);
INSERT INTO `lot` VALUES (1106, 'KPUGN4232I', 0000000000000000005000000);
INSERT INTO `lot` VALUES (1107, 'KZVRW4482C', 0000000000000000005000000);
INSERT INTO `lot` VALUES (1108, 'MWYBG8201W', 0000000000000000005000000);
INSERT INTO `lot` VALUES (1109, 'NXAYF1233E', 0000000000000000005000000);
INSERT INTO `lot` VALUES (1110, 'PBZUJ0193U', 0000000000000000005000000);
INSERT INTO `lot` VALUES (1111, 'PCBDV9042T', 0000000000000000005000000);
INSERT INTO `lot` VALUES (1112, 'PCPWW6097L', 0000000000000000005000000);
INSERT INTO `lot` VALUES (1113, 'PZHGH2590B', 0000000000000000005000000);
INSERT INTO `lot` VALUES (1114, 'SPIPQ7462M', 0000000000000000005000000);
INSERT INTO `lot` VALUES (1115, 'SPJJE8376D', 0000000000000000005000000);
INSERT INTO `lot` VALUES (1116, 'TEHBV7333M', 0000000000000000005000000);
INSERT INTO `lot` VALUES (1117, 'UAQAL5502F', 0000000000000000005000000);
INSERT INTO `lot` VALUES (1118, 'VAHUK4771M', 0000000000000000005000000);
INSERT INTO `lot` VALUES (1119, 'VDOQD6361O', 0000000000000000005000000);
INSERT INTO `lot` VALUES (1120, 'VKWRZ0150F', 0000000000000000005000000);
INSERT INTO `lot` VALUES (1121, 'XLABU6084F', 0000000000000000005000000);
INSERT INTO `lot` VALUES (1122, 'YEQSY5057S', 0000000000000000005000000);
INSERT INTO `lot` VALUES (1123, 'VYYEL0200D', 0000000000000000005000000);
INSERT INTO `lot` VALUES (1124, 'ALSRP5590C', 0000000000000000005000000);
INSERT INTO `lot` VALUES (1125, 'DOPHU4614Q', 0000000000000000005000000);
INSERT INTO `lot` VALUES (1126, 'FJYSH3065J', 0000000000000000005000000);
INSERT INTO `lot` VALUES (1127, 'JLIWY4668I', 0000000000000000005000000);
INSERT INTO `lot` VALUES (1128, 'KILKJ2749Y', 0000000000000000005000000);
INSERT INTO `lot` VALUES (1129, 'QQNAB1200C', 0000000000000000005000000);
INSERT INTO `lot` VALUES (1130, 'UKNSR1520H', 0000000000000000005000000);
INSERT INTO `lot` VALUES (1131, 'VZELO7294C', 0000000000000000005000000);
INSERT INTO `lot` VALUES (1132, 'ZYTGD0971J', 0000000000000000005000000);

-- ----------------------------
-- Table structure for oven
-- ----------------------------
DROP TABLE IF EXISTS `oven`;
CREATE TABLE `oven`  (
  `ovenId` varchar(255) CHARACTER SET utf8 COLLATE utf8_general_ci NOT NULL,
  `temperature` int(65) NULL DEFAULT NULL,
  `processType` varchar(255) CHARACTER SET utf8 COLLATE utf8_general_ci NULL DEFAULT NULL,
  PRIMARY KEY (`ovenId`) USING BTREE
) ENGINE = InnoDB CHARACTER SET = utf8 COLLATE = utf8_general_ci ROW_FORMAT = Compact;

-- ----------------------------
-- Records of oven
-- ----------------------------
INSERT INTO `oven` VALUES ('BO1', 125, 'BakeIn');
INSERT INTO `oven` VALUES ('BO10', 125, 'BakeIn');
INSERT INTO `oven` VALUES ('BO11', 125, 'BakeIn');
INSERT INTO `oven` VALUES ('BO12', 125, 'BakeIn');
INSERT INTO `oven` VALUES ('BO13', 150, 'BakeIn');
INSERT INTO `oven` VALUES ('BO14', 150, 'BakeIn');
INSERT INTO `oven` VALUES ('BO15', 125, 'BakeIn');
INSERT INTO `oven` VALUES ('BO16', 125, 'BakeIn');
INSERT INTO `oven` VALUES ('BO17', 125, 'BakeIn');
INSERT INTO `oven` VALUES ('BO18', 150, 'BakeIn');
INSERT INTO `oven` VALUES ('BO19', 125, 'BakeIn');
INSERT INTO `oven` VALUES ('BO2', 125, 'BakeIn');
INSERT INTO `oven` VALUES ('BO20', 125, 'BakeIn');
INSERT INTO `oven` VALUES ('BO21', 125, 'BakeIn');
INSERT INTO `oven` VALUES ('BO22', 125, 'BakeIn');
INSERT INTO `oven` VALUES ('BO3', 150, 'BakeIn');
INSERT INTO `oven` VALUES ('BO4', 150, 'BakeIn');
INSERT INTO `oven` VALUES ('BO5', 125, 'BakeIn');
INSERT INTO `oven` VALUES ('BO6', 125, 'BakeIn');
INSERT INTO `oven` VALUES ('BO7', 125, 'BakeIn');
INSERT INTO `oven` VALUES ('BO8', 150, 'BakeIn');
INSERT INTO `oven` VALUES ('BO9', 150, 'BakeIn');

-- ----------------------------
-- Table structure for productinfo
-- ----------------------------
DROP TABLE IF EXISTS `productinfo`;
CREATE TABLE `productinfo`  (
  `productType` varchar(255) CHARACTER SET utf8 COLLATE utf8_general_ci NOT NULL,
  `volume` float(10, 10) NULL DEFAULT NULL,
  `temperature` int(10) NULL DEFAULT NULL,
  `bakeTime` int(10) NULL DEFAULT NULL,
  `aoiTime` float(10, 10) NULL DEFAULT NULL,
  PRIMARY KEY (`productType`) USING BTREE
) ENGINE = InnoDB CHARACTER SET = utf8 COLLATE = utf8_general_ci ROW_FORMAT = Compact;

-- ----------------------------
-- Records of productinfo
-- ----------------------------
INSERT INTO `productinfo` VALUES ('ACHXA3595G', 0.0000416667, 125, 12, 0.0003263550);
INSERT INTO `productinfo` VALUES ('ACNYW1625J', 0.0000277778, 125, 24, 0.0003195700);
INSERT INTO `productinfo` VALUES ('ALSRP5590C', 0.0000016026, 125, 24, 0.0001948100);
INSERT INTO `productinfo` VALUES ('APYLB9291C', 0.0000104167, 125, 24, 0.0001954833);
INSERT INTO `productinfo` VALUES ('ARCYI6496Z', 0.0000046296, 125, 24, 0.0000916650);
INSERT INTO `productinfo` VALUES ('ARXZK2314V', 0.0000046296, 125, 24, 0.0000916650);
INSERT INTO `productinfo` VALUES ('AYEHS2904M', 0.0000055556, 150, 24, 0.0000669800);
INSERT INTO `productinfo` VALUES ('AZFGJ6792V', 0.0000277778, 125, 24, 0.0003195700);
INSERT INTO `productinfo` VALUES ('BBKRW9735V', 0.0000083333, 150, 24, 0.0000669800);
INSERT INTO `productinfo` VALUES ('BDUFC2928C', 0.0000277778, 125, 24, 0.0003195700);
INSERT INTO `productinfo` VALUES ('BGGII2097V', 0.0000055556, 150, 24, 0.0000669800);
INSERT INTO `productinfo` VALUES ('BGLWT0100N', 0.0000198413, 125, 24, 0.0003333300);
INSERT INTO `productinfo` VALUES ('BHDPO8835E', 0.0000104167, 125, 24, 0.0001954833);
INSERT INTO `productinfo` VALUES ('BHKIO5418Q', 0.0000055556, 150, 24, 0.0000669800);
INSERT INTO `productinfo` VALUES ('BHLLZ7485H', 0.0000416667, 125, 12, 0.0003263550);
INSERT INTO `productinfo` VALUES ('BLCND8992P', 0.0000277778, 125, 24, 0.0003518300);
INSERT INTO `productinfo` VALUES ('BLXHK2495Y', 0.0000064103, 125, 24, 0.0001841600);
INSERT INTO `productinfo` VALUES ('BQJOE1724N', 0.0000104167, 125, 24, 0.0001954833);
INSERT INTO `productinfo` VALUES ('CEBNQ7448Y', 0.0000104167, 125, 24, 0.0001954833);
INSERT INTO `productinfo` VALUES ('CFMVM3542V', 0.0000034014, 125, 12, 0.0001666700);
INSERT INTO `productinfo` VALUES ('CGAQM8807Q', 0.0000086806, 125, 24, 0.0002220000);
INSERT INTO `productinfo` VALUES ('COWVG8792S', 0.0000198413, 125, 24, 0.0002366700);
INSERT INTO `productinfo` VALUES ('CREGF0290P', 0.0000066667, 125, 24, 0.0003873300);
INSERT INTO `productinfo` VALUES ('CRTCK3425B', 0.0000039683, 125, 24, 0.0001574900);
INSERT INTO `productinfo` VALUES ('DFTHC1126O', 0.0000198413, 125, 24, 0.0003333300);
INSERT INTO `productinfo` VALUES ('DGDKI8598E', 0.0000055556, 125, 24, 0.0000669800);
INSERT INTO `productinfo` VALUES ('DGEPX1320V', 0.0000066667, 125, 24, 0.0003873300);
INSERT INTO `productinfo` VALUES ('DHHSP8518L', 0.0000083333, 125, 24, 0.0000669800);
INSERT INTO `productinfo` VALUES ('DHVER2972M', 0.0000185185, 125, 24, 0.0003333300);
INSERT INTO `productinfo` VALUES ('DOPHU4614Q', 0.0000016026, 125, 24, 0.0002218300);
INSERT INTO `productinfo` VALUES ('DQAYA2429F', 0.0000069444, 125, 24, 0.0000909100);
INSERT INTO `productinfo` VALUES ('DQOLT4151J', 0.0000030864, 125, 24, 0.0000663000);
INSERT INTO `productinfo` VALUES ('DSXXJ1471E', 0.0000055556, 125, 24, 0.0000669800);
INSERT INTO `productinfo` VALUES ('DUMTB6548U', 0.0000055556, 125, 24, 0.0000669800);
INSERT INTO `productinfo` VALUES ('DVYYW0521A', 0.0000086806, 125, 24, 0.0001106700);
INSERT INTO `productinfo` VALUES ('DXYNT3924J', 0.0000104167, 125, 24, 0.0001954833);
INSERT INTO `productinfo` VALUES ('EFLFF0922K', 0.0000416667, 125, 12, 0.0003263550);
INSERT INTO `productinfo` VALUES ('EGZPY1599G', 0.0000069444, 125, 12, 0.0002576700);
INSERT INTO `productinfo` VALUES ('EKCOV7230K', 0.0000277778, 125, 24, 0.0003195700);
INSERT INTO `productinfo` VALUES ('ELXUA2297T', 0.0000086806, 125, 24, 0.0002220000);
INSERT INTO `productinfo` VALUES ('EPEOQ3051X', 0.0000416667, 125, 12, 0.0003263550);
INSERT INTO `productinfo` VALUES ('EZMHH6514U', 0.0000069444, 125, 24, 0.0002659600);
INSERT INTO `productinfo` VALUES ('FBGGJ2747C', 0.0000104167, 125, 24, 0.0001954833);
INSERT INTO `productinfo` VALUES ('FHQHB3513Q', 0.0000173611, 125, 24, 0.0002561700);
INSERT INTO `productinfo` VALUES ('FJYSH3065J', 0.0000016026, 125, 24, 0.0002218300);
INSERT INTO `productinfo` VALUES ('FOHRG5276H', 0.0000055556, 150, 24, 0.0000669800);
INSERT INTO `productinfo` VALUES ('FUJLR9745W', 0.0000009921, 150, 24, 0.0001818200);
INSERT INTO `productinfo` VALUES ('GDXAE0024A', 0.0000104167, 125, 24, 0.0002173050);
INSERT INTO `productinfo` VALUES ('GEIGG3364J', 0.0000055556, 150, 24, 0.0000669800);
INSERT INTO `productinfo` VALUES ('GJEYB5591K', 0.0000055556, 150, 24, 0.0000669800);
INSERT INTO `productinfo` VALUES ('GMLCG7480V', 0.0000042517, 125, 12, 0.0001807700);
INSERT INTO `productinfo` VALUES ('GOHUP4823F', 0.0000086806, 125, 24, 0.0002220000);
INSERT INTO `productinfo` VALUES ('GRKFF2612X', 0.0000416667, 125, 24, 0.0003555550);
INSERT INTO `productinfo` VALUES ('GSJNU1904S', 0.0000092593, 125, 24, 0.0000837300);
INSERT INTO `productinfo` VALUES ('GUJLK0157P', 0.0000069444, 125, 24, 0.0000909100);
INSERT INTO `productinfo` VALUES ('GXOCL6694O', 0.0000198413, 125, 24, 0.0002913300);
INSERT INTO `productinfo` VALUES ('HAOWD4659D', 0.0000092593, 125, 24, 0.0000837300);
INSERT INTO `productinfo` VALUES ('HAXFJ6054Z', 0.0000140056, 125, 24, 0.0003333300);
INSERT INTO `productinfo` VALUES ('HCDIE3287X', 0.0000055556, 150, 24, 0.0000669800);
INSERT INTO `productinfo` VALUES ('HPHWC7201Y', 0.0000066667, 125, 24, 0.0003873300);
INSERT INTO `productinfo` VALUES ('HRPGV1601E', 0.0000185185, 125, 24, 0.0002006650);
INSERT INTO `productinfo` VALUES ('HWGWC8123C', 0.0000030864, 125, 24, 0.0000663000);
INSERT INTO `productinfo` VALUES ('HXCVA2371C', 0.0000055556, 150, 24, 0.0000669800);
INSERT INTO `productinfo` VALUES ('HXSEL0087W', 0.0000083333, 150, 24, 0.0000669800);
INSERT INTO `productinfo` VALUES ('HYTHB7799D', 0.0000030864, 125, 24, 0.0000663000);
INSERT INTO `productinfo` VALUES ('ICICQ2140V', 0.0000166667, 150, 24, 0.0000977500);
INSERT INTO `productinfo` VALUES ('IMBDS8589X', 0.0000416667, 125, 12, 0.0003263550);
INSERT INTO `productinfo` VALUES ('ITWGD6876S', 0.0000046296, 125, 24, 0.0002303300);
INSERT INTO `productinfo` VALUES ('IWFKE5721L', 0.0000416667, 125, 24, 0.0003555550);
INSERT INTO `productinfo` VALUES ('IXHLX5077Z', 0.0000416667, 125, 12, 0.0003263550);
INSERT INTO `productinfo` VALUES ('IYBXO3301K', 0.0000030864, 150, 24, 0.0000663000);
INSERT INTO `productinfo` VALUES ('IZQFY5290K', 0.0000030864, 125, 24, 0.0000663000);
INSERT INTO `productinfo` VALUES ('IZXCE0967W', 0.0000198413, 125, 24, 0.0003333300);
INSERT INTO `productinfo` VALUES ('JAPNC7129O', 0.0000104167, 125, 24, 0.0001954833);
INSERT INTO `productinfo` VALUES ('JDNKS5460I', 0.0000069444, 125, 12, 0.0003333300);
INSERT INTO `productinfo` VALUES ('JILTC2318E', 0.0000416667, 125, 24, 0.0003555550);
INSERT INTO `productinfo` VALUES ('JLIWY4668I', 0.0000016026, 125, 24, 0.0002218300);
INSERT INTO `productinfo` VALUES ('JMIHP3141T', 0.0000277778, 125, 24, 0.0003195700);
INSERT INTO `productinfo` VALUES ('JNCIJ9464N', 0.0000378788, 125, 24, 0.0003333300);
INSERT INTO `productinfo` VALUES ('JSVFF0225E', 0.0000277778, 125, 24, 0.0003521650);
INSERT INTO `productinfo` VALUES ('KFUST0163P', 0.0000277778, 125, 24, 0.0003195700);
INSERT INTO `productinfo` VALUES ('KGMOF0693Q', 0.0000252525, 125, 24, 0.0006638300);
INSERT INTO `productinfo` VALUES ('KILKJ2749Y', 0.0000016026, 125, 24, 0.0001841600);
INSERT INTO `productinfo` VALUES ('KPUGN4232I', 0.0000030864, 150, 24, 0.0000663000);
INSERT INTO `productinfo` VALUES ('KTKBX4839E', 0.0000416667, 125, 24, 0.0003555550);
INSERT INTO `productinfo` VALUES ('KUQMO4240H', 0.0000083333, 150, 24, 0.0000977500);
INSERT INTO `productinfo` VALUES ('KZVRW4482C', 0.0000030864, 150, 24, 0.0000663000);
INSERT INTO `productinfo` VALUES ('LEQUD1106E', 0.0000140056, 125, 24, 0.0003333300);
INSERT INTO `productinfo` VALUES ('LGOQD2787P', 0.0000185185, 125, 24, 0.0003518600);
INSERT INTO `productinfo` VALUES ('LKNAX8537D', 0.0000086806, 125, 24, 0.0002220000);
INSERT INTO `productinfo` VALUES ('LLLCH5198U', 0.0000055556, 150, 24, 0.0000669800);
INSERT INTO `productinfo` VALUES ('LMCJN3197X', 0.0000694444, 125, 24, 0.0006638300);
INSERT INTO `productinfo` VALUES ('LQKJX0484R', 0.0000198413, 125, 24, 0.0002366700);
INSERT INTO `productinfo` VALUES ('MACNC8175W', 0.0000140056, 125, 24, 0.0003479700);
INSERT INTO `productinfo` VALUES ('MALXT4126W', 0.0000046296, 150, 24, 0.0000663000);
INSERT INTO `productinfo` VALUES ('MEVBJ7623P', 0.0000042517, 125, 12, 0.0001807700);
INSERT INTO `productinfo` VALUES ('MGMOY2487X', 0.0000046296, 125, 24, 0.0002303300);
INSERT INTO `productinfo` VALUES ('MHONL8388D', 0.0000416667, 125, 12, 0.0003263550);
INSERT INTO `productinfo` VALUES ('MHSTD9087W', 0.0000198413, 125, 24, 0.0003333300);
INSERT INTO `productinfo` VALUES ('MHZUP0703L', 0.0000416667, 125, 12, 0.0003263550);
INSERT INTO `productinfo` VALUES ('MNREI7200U', 0.0000198413, 125, 12, 0.0003333300);
INSERT INTO `productinfo` VALUES ('MSBFN3632E', 0.0000046296, 150, 24, 0.0000663000);
INSERT INTO `productinfo` VALUES ('MSXWB6402C', 0.0000049020, 125, 24, 0.0001111100);
INSERT INTO `productinfo` VALUES ('MTBXW9690F', 0.0000416667, 125, 24, 0.0003555550);
INSERT INTO `productinfo` VALUES ('MWYBG8201W', 0.0000030864, 150, 24, 0.0000663000);
INSERT INTO `productinfo` VALUES ('MWYUR7713Y', 0.0000185185, 125, 24, 0.0003302350);
INSERT INTO `productinfo` VALUES ('MZXTQ7065C', 0.0000086806, 125, 12, 0.0004875700);
INSERT INTO `productinfo` VALUES ('NHJWD4133V', 0.0000034014, 125, 24, 0.0001666700);
INSERT INTO `productinfo` VALUES ('NKXIQ7419H', 0.0000104167, 125, 24, 0.0001954833);
INSERT INTO `productinfo` VALUES ('NLIJA2091O', 0.0000185185, 125, 24, 0.0002006650);
INSERT INTO `productinfo` VALUES ('NLYFD0861S', 0.0000416667, 125, 12, 0.0003263550);
INSERT INTO `productinfo` VALUES ('NNWVS3437K', 0.0000185185, 125, 24, 0.0003302350);
INSERT INTO `productinfo` VALUES ('NOXPZ4596E', 0.0000064103, 125, 24, 0.0003333300);
INSERT INTO `productinfo` VALUES ('NXAYF1233E', 0.0000030864, 125, 24, 0.0000663000);
INSERT INTO `productinfo` VALUES ('NXPZQ2196V', 0.0000034014, 125, 24, 0.0001666700);
INSERT INTO `productinfo` VALUES ('OATAD7946W', 0.0000069444, 125, 24, 0.0000909100);
INSERT INTO `productinfo` VALUES ('OEWVV1941W', 0.0000083333, 150, 24, 0.0000977500);
INSERT INTO `productinfo` VALUES ('OGNPW3564G', 0.0000104167, 125, 24, 0.0001954833);
INSERT INTO `productinfo` VALUES ('OLTPG9765V', 0.0000185185, 125, 24, 0.0002006650);
INSERT INTO `productinfo` VALUES ('OPVLI2791R', 0.0000416667, 125, 12, 0.0003263550);
INSERT INTO `productinfo` VALUES ('OSIFO7134I', 0.0000041667, 125, 12, 0.0003333300);
INSERT INTO `productinfo` VALUES ('OXPNF3175U', 0.0000185185, 125, 24, 0.0002006650);
INSERT INTO `productinfo` VALUES ('OXWYW5999S', 0.0000083333, 150, 24, 0.0000977500);
INSERT INTO `productinfo` VALUES ('PBZUJ0193U', 0.0000030864, 150, 24, 0.0000663000);
INSERT INTO `productinfo` VALUES ('PCBDV9042T', 0.0000030864, 150, 24, 0.0000663000);
INSERT INTO `productinfo` VALUES ('PCPWW6097L', 0.0000030864, 150, 24, 0.0000663000);
INSERT INTO `productinfo` VALUES ('PIKIT7942X', 0.0000104167, 125, 24, 0.0001954833);
INSERT INTO `productinfo` VALUES ('POVWR0516E', 0.0000086806, 125, 24, 0.0001106700);
INSERT INTO `productinfo` VALUES ('PPJSS3533C', 0.0000092593, 125, 24, 0.0001610550);
INSERT INTO `productinfo` VALUES ('PSTCF2893D', 0.0000083333, 150, 24, 0.0000669800);
INSERT INTO `productinfo` VALUES ('PZHGH2590B', 0.0000030864, 125, 24, 0.0001125000);
INSERT INTO `productinfo` VALUES ('QBXAQ7463A', 0.0000055556, 125, 24, 0.0000669800);
INSERT INTO `productinfo` VALUES ('QCZRA2143O', 0.0000055556, 150, 24, 0.0000669800);
INSERT INTO `productinfo` VALUES ('QFZAE7569C', 0.0000043860, 125, 24, 0.0000980400);
INSERT INTO `productinfo` VALUES ('QMRCC1228A', 0.0000198413, 125, 24, 0.0002913300);
INSERT INTO `productinfo` VALUES ('QMTNJ0721O', 0.0000104167, 125, 24, 0.0001954833);
INSERT INTO `productinfo` VALUES ('QQNAB1200C', 0.0000016026, 125, 24, 0.0002218300);
INSERT INTO `productinfo` VALUES ('QVQBO0440I', 0.0000140056, 125, 24, 0.0003479700);
INSERT INTO `productinfo` VALUES ('RBMHS8189G', 0.0000049020, 125, 24, 0.0001111100);
INSERT INTO `productinfo` VALUES ('RCFNP7766A', 0.0000009921, 150, 24, 0.0001818200);
INSERT INTO `productinfo` VALUES ('RGWMD6191Y', 0.0000046296, 125, 24, 0.0001273300);
INSERT INTO `productinfo` VALUES ('RMAQD0021E', 0.0000083333, 150, 24, 0.0000977500);
INSERT INTO `productinfo` VALUES ('RMNKR9893J', 0.0000083333, 150, 24, 0.0000669800);
INSERT INTO `productinfo` VALUES ('RVRSE4446O', 0.0000046296, 125, 24, 0.0001231300);
INSERT INTO `productinfo` VALUES ('SCDWH9206T', 0.0000055556, 150, 24, 0.0000669800);
INSERT INTO `productinfo` VALUES ('SDPCN0119Q', 0.0000086806, 125, 24, 0.0001106700);
INSERT INTO `productinfo` VALUES ('SGVYA6569T', 0.0000055556, 125, 24, 0.0001111100);
INSERT INTO `productinfo` VALUES ('SHAED4090K', 0.0000055556, 125, 24, 0.0000669800);
INSERT INTO `productinfo` VALUES ('SJYTK2177B', 0.0000277778, 125, 24, 0.0003195700);
INSERT INTO `productinfo` VALUES ('SMPDM6000H', 0.0000083333, 150, 24, 0.0000669800);
INSERT INTO `productinfo` VALUES ('SPIPQ7462M', 0.0000030864, 150, 24, 0.0001818200);
INSERT INTO `productinfo` VALUES ('SPJJE8376D', 0.0000030864, 150, 24, 0.0000663000);
INSERT INTO `productinfo` VALUES ('SRMKK5815O', 0.0000086806, 125, 24, 0.0002220000);
INSERT INTO `productinfo` VALUES ('SVFJY5019T', 0.0000185185, 125, 24, 0.0003302350);
INSERT INTO `productinfo` VALUES ('TBZVN7846Q', 0.0000416667, 125, 24, 0.0003555550);
INSERT INTO `productinfo` VALUES ('TEHBV7333M', 0.0000030864, 125, 24, 0.0000663000);
INSERT INTO `productinfo` VALUES ('TLFTZ7685U', 0.0000046296, 125, 24, 0.0002303300);
INSERT INTO `productinfo` VALUES ('TNMTZ9536S', 0.0000064103, 125, 24, 0.0002218300);
INSERT INTO `productinfo` VALUES ('TQPDI3370U', 0.0000277778, 125, 24, 0.0003518300);
INSERT INTO `productinfo` VALUES ('TVLEI1958Q', 0.0000066667, 125, 24, 0.0003873300);
INSERT INTO `productinfo` VALUES ('TZXME3979T', 0.0000055556, 150, 24, 0.0000663000);
INSERT INTO `productinfo` VALUES ('UAQAL5502F', 0.0000030864, 150, 24, 0.0000663000);
INSERT INTO `productinfo` VALUES ('UBAOQ0964L', 0.0000092593, 125, 24, 0.0000837300);
INSERT INTO `productinfo` VALUES ('UEZQO1285W', 0.0000046296, 125, 24, 0.0000916650);
INSERT INTO `productinfo` VALUES ('UGPNC8214R', 0.0000069444, 125, 24, 0.0001111100);
INSERT INTO `productinfo` VALUES ('UGXYU1286G', 0.0000083333, 150, 24, 0.0000977500);
INSERT INTO `productinfo` VALUES ('UJKEZ2243J', 0.0000198413, 125, 24, 0.0002913300);
INSERT INTO `productinfo` VALUES ('UKNSR1520H', 0.0000016026, 125, 24, 0.0002218300);
INSERT INTO `productinfo` VALUES ('UNLHK2641P', 0.0000055556, 125, 24, 0.0000669800);
INSERT INTO `productinfo` VALUES ('UQSFI7003V', 0.0000416667, 125, 12, 0.0003263550);
INSERT INTO `productinfo` VALUES ('UXZWY6716Q', 0.0000104167, 125, 24, 0.0001954833);
INSERT INTO `productinfo` VALUES ('VAHUK4771M', 0.0000030864, 150, 24, 0.0000663000);
INSERT INTO `productinfo` VALUES ('VCBUH0118F', 0.0000416667, 125, 12, 0.0003263550);
INSERT INTO `productinfo` VALUES ('VCDWK7350G', 0.0000069444, 125, 24, 0.0001111100);
INSERT INTO `productinfo` VALUES ('VDOQD6361O', 0.0000030864, 125, 24, 0.0000663000);
INSERT INTO `productinfo` VALUES ('VHRFM7199D', 0.0000104167, 125, 24, 0.0001954833);
INSERT INTO `productinfo` VALUES ('VKWRZ0150F', 0.0000030864, 125, 24, 0.0000663000);
INSERT INTO `productinfo` VALUES ('VOTDJ2592Y', 0.0000086806, 125, 24, 0.0001106700);
INSERT INTO `productinfo` VALUES ('VVBTG9552O', 0.0000046296, 150, 24, 0.0000663000);
INSERT INTO `productinfo` VALUES ('VYCGE5551R', 0.0000198413, 125, 24, 0.0002366700);
INSERT INTO `productinfo` VALUES ('VYYEL0200D', 0.0000027778, 150, 24, 0.0003333300);
INSERT INTO `productinfo` VALUES ('VZELO7294C', 0.0000016026, 125, 24, 0.0001585350);
INSERT INTO `productinfo` VALUES ('WDJHD1887C', 0.0000092593, 125, 24, 0.0000837300);
INSERT INTO `productinfo` VALUES ('WPWSV8594A', 0.0000378788, 125, 24, 0.0003333300);
INSERT INTO `productinfo` VALUES ('WSVLW7887T', 0.0000112613, 125, 24, 0.0003333300);
INSERT INTO `productinfo` VALUES ('WTIRB5225H', 0.0000034014, 125, 24, 0.0001666700);
INSERT INTO `productinfo` VALUES ('WVFHV5596N', 0.0000416667, 125, 12, 0.0003263550);
INSERT INTO `productinfo` VALUES ('WWACH5234I', 0.0000104167, 125, 24, 0.0003031700);
INSERT INTO `productinfo` VALUES ('WYQZK3313M', 0.0000055556, 125, 24, 0.0000669800);
INSERT INTO `productinfo` VALUES ('WYSAA6638W', 0.0000064103, 125, 24, 0.0003333300);
INSERT INTO `productinfo` VALUES ('XATEW2281B', 0.0000083333, 150, 24, 0.0000977500);
INSERT INTO `productinfo` VALUES ('XFYKP7730H', 0.0000277778, 125, 24, 0.0003521650);
INSERT INTO `productinfo` VALUES ('XKVES6845J', 0.0000416667, 125, 24, 0.0003555550);
INSERT INTO `productinfo` VALUES ('XLABU6084F', 0.0000030864, 125, 24, 0.0000663000);
INSERT INTO `productinfo` VALUES ('XMGEK3090G', 0.0000008503, 125, 24, 0.0001818200);
INSERT INTO `productinfo` VALUES ('XRVIV5928G', 0.0000185185, 125, 24, 0.0002006650);
INSERT INTO `productinfo` VALUES ('XTMEP0434O', 0.0000064103, 125, 24, 0.0002218300);
INSERT INTO `productinfo` VALUES ('XUEWP9238F', 0.0000277778, 125, 24, 0.0003195700);
INSERT INTO `productinfo` VALUES ('XZABM9508E', 0.0000055556, 150, 24, 0.0000669800);
INSERT INTO `productinfo` VALUES ('YBJAY1812F', 0.0000277778, 125, 24, 0.0003195700);
INSERT INTO `productinfo` VALUES ('YEQSY5057S', 0.0000030864, 125, 24, 0.0000663000);
INSERT INTO `productinfo` VALUES ('YGPPA4108I', 0.0000694444, 125, 24, 0.0006638300);
INSERT INTO `productinfo` VALUES ('YLMRS4880I', 0.0000378788, 125, 24, 0.0003333300);
INSERT INTO `productinfo` VALUES ('YMDGT6550X', 0.0000055556, 125, 24, 0.0000663000);
INSERT INTO `productinfo` VALUES ('YNFVG0559N', 0.0000086806, 125, 24, 0.0001106700);
INSERT INTO `productinfo` VALUES ('YOCFE9461J', 0.0000104167, 125, 24, 0.0001954833);
INSERT INTO `productinfo` VALUES ('YRKOG7073J', 0.0000086806, 125, 24, 0.0002220000);
INSERT INTO `productinfo` VALUES ('ZAJUB9415U', 0.0000416667, 125, 24, 0.0003555550);
INSERT INTO `productinfo` VALUES ('ZHSLS1053Q', 0.0000083333, 150, 24, 0.0000669800);
INSERT INTO `productinfo` VALUES ('ZHWKP7472G', 0.0000069444, 125, 24, 0.0001111100);
INSERT INTO `productinfo` VALUES ('ZKLJW9348H', 0.0000185185, 125, 24, 0.0002006650);
INSERT INTO `productinfo` VALUES ('ZNUCC9489F', 0.0000046296, 125, 24, 0.0000916650);
INSERT INTO `productinfo` VALUES ('ZOHLK8721D', 0.0000185185, 125, 24, 0.0002006650);
INSERT INTO `productinfo` VALUES ('ZQEXD8640N', 0.0000083333, 150, 24, 0.0000977500);
INSERT INTO `productinfo` VALUES ('ZYTGD0971J', 0.0000016026, 125, 24, 0.0001585350);

SET FOREIGN_KEY_CHECKS = 1;
