<?xml version="1.0" encoding="UTF-8"?>
<beans xmlns="http://www.springframework.org/schema/beans"
       xmlns:xsi="http://www.w3.org/2001/XMLSchema-instance"
       xmlns:context="http://www.springframework.org/schema/context"
       xmlns:mvc="http://www.springframework.org/schema/mvc"
       xsi:schemaLocation="http://www.springframework.org/schema/beans
                        http://www.springframework.org/schema/beans/spring-beans-3.2.xsd
                         http://www.springframework.org/schema/context
                        http://www.springframework.org/schema/context/spring-context-3.2.xsd
                        http://www.springframework.org/schema/mvc
                        http://www.springframework.org/schema/mvc/spring-mvc.xsd">
    <!--启用spring的一些annotation -->
    <context:annotation-config/>

    <!-- 自动扫描该包，使SpringMVC认为包下用了@controller注解的类是控制器 -->
    <context:component-scan base-package="com.iss.rs.controller">
        <context:include-filter type="annotation" expression="org.springframework.stereotype.Controller"/>
    </context:component-scan>

    <!--HandlerMapping 无需配置，springmvc可以默认启动-->

    <!--静态资源映射-->
    <!--本项目把静态资源放在了WEB-INF的statics目录下，资源映射如下-->
    <mvc:resources mapping="/statics/**" location="/WEB-INF/statics/"/>

    <!-- 配置注解驱动 可以将request参数与绑定到controller参数上 -->
    <mvc:annotation-driven/>

    <!-- 对模型视图名称的解析，即在模型视图名称添加前后缀(如果最后一个还是表示文件夹,则最后的斜杠不要漏了) 使用JSP-->
    <!-- 默认的视图解析器 在上边的解析错误时使用 (默认使用html)- -->
    <bean id="defaultViewResolver" class="org.springframework.web.servlet.view.InternalResourceViewResolver">
        <property name="viewClass" value="org.springframework.web.servlet.view.JstlView"/>
        <property name="prefix" value="/WEB-INF/views/"/><!--设置JSP文件的目录位置-->
        <property name="suffix" value=".jsp"/>
    </bean>

    <!-- springmvc文件上传需要配置的节点-->
    <bean id="multipartResolver" class="org.springframework.web.multipart.commons.CommonsMultipartResolver">
        <property name="maxUploadSize" value="20971500"/>
        <property name="defaultEncoding" value="UTF-8"/>
        <property name="resolveLazily" value="true"/>
    </bean>
</beans>